-- seed.mysql.sql — Ghana default seed for the normalised reference tables.
-- Generated from api/seed.json (single source of truth). Run AFTER schema.mysql.sql.
SET NAMES utf8mb4;

INSERT INTO schools(id,name,motto,address,location,phone,whatsapp,email,website,logo,currency) VALUES('sch-1','Demo Basic School','Knowledge, Discipline, Service','P.O. Box [PLACEHOLDER], Kasoa (C/R)','[PLACEHOLDER location / area]','+233 00 000 0000','+233 00 000 0000','info@demobasicschool.edu.gh','www.demobasicschool.edu.gh','','GHS');
INSERT INTO academic_years(id,school_id,year,current_term,promotional_term) VALUES('ay-1','sch-1','2025/2026',3,3);
INSERT INTO terms(id,school_id,year_id,n,name,vacation,reopening) VALUES('ay-1-t1','sch-1','ay-1',1,'First Term','2025-12-19','2026-01-06');
INSERT INTO terms(id,school_id,year_id,n,name,vacation,reopening) VALUES('ay-1-t2','sch-1','ay-1',2,'Second Term','2026-04-02','2026-04-28');
INSERT INTO terms(id,school_id,year_id,n,name,vacation,reopening) VALUES('ay-1-t3','sch-1','ay-1',3,'Third Term','2026-07-24','2026-09-09');
INSERT INTO categories(id,school_id,name,sort) VALUES('cat-pre','sch-1','Preschool',1);
INSERT INTO categories(id,school_id,name,sort) VALUES('cat-lower','sch-1','Lower Primary',2);
INSERT INTO categories(id,school_id,name,sort) VALUES('cat-upper','sch-1','Upper Primary',3);
INSERT INTO categories(id,school_id,name,sort) VALUES('cat-jhs','sch-1','Junior High School',4);
INSERT INTO report_templates(id,school_id,kind,name,config) VALUES('A','sch-1','A','Template A (Creche)','{"id":"A","school_id":"sch-1","kind":"A","name":"Template A (Creche)","blocks":{"checklist":true,"scoresTable":true,"conduct":false,"feesBlock":true},"checklistDomains":[{"name":"Health & Physical Development","indicators":["Shows good physical coordination","Eats tidily and independently","Washes and cleans hands after toilet, meals etc."]},{"name":"Emotional & Social Development","indicators":["Is active and enjoys outdoor activities","Remains cheerful and sociable","Takes part in all class activities"]},{"name":"Cognitive & Language Development","indicators":["Can identify simple colours and shapes","Follows activity to the conclusion","Can recite rhymes","Understands and uses simple words, sentences and gestures","Can count from 1 to 10","Can sort items and scribble simple lines"]}],"labels":{"classScore":"Class Score %","examScore":"Exam Score %","total":"Total %","remarks":"Remarks"},"keysLegend":"KEYS: YES = Yes   PAR = Partially / Sometimes   NES = Needs effort / Special attention","footer":"Any erasure on this report invalidates it."}');
INSERT INTO report_templates(id,school_id,kind,name,config) VALUES('B','sch-1','B','Template B (Standard)','{"id":"B","school_id":"sch-1","kind":"B","name":"Template B (Standard)","blocks":{"checklist":false,"scoresTable":true,"conduct":true,"feesBlock":true},"fields":{"grade":{"show":true,"label":"Grade"},"positionInSubject":{"show":true,"label":"Position in Subject"},"overallPosition":{"show":true,"label":"Position"},"remarks":{"show":true,"label":"Remarks"}},"keysLegend":"","footer":"Any erasure on this report invalidates it.","remarkFields":{"conduct":{"show":true,"label":"Conduct","options":["SATISFACTORY","EXCELLENT","FAIRLY GOOD","GENERALLY ACTIVE","ENERGETIC","UNPREDICTABLE"]},"attitude":{"show":true,"label":"Attitude","options":["CALM","ADVENTUROUS","SOCIABLE","RESERVED","WELL BEHAVED","DISCIPLINED"]},"interest":{"show":true,"label":"Interest","options":["READING/ENGLISH","MATHEMATICS","SCIENCE","SPORTS/GAMES","MUSIC/DANCE","MAKING ARTWORK","COMPUTING","MULTI-TALENTED","INDOOR ACTIVITIES","OUTDOOR ACTIVITIES"]},"overall":{"show":true,"label":"Overall Remark","options":["EXCEEDS EXPECTATIONS","MEETS EXPECTATIONS","APPROACHING EXPECTATIONS","NEEDS IMPROVEMENT","BELOW EXPECTATIONS"]}},"freeRemarks":{"teacher":{"show":true,"label":"Class Teacher''s Remark"},"head":{"show":true,"label":"Head Teacher''s Signature / Stamp"}}}');
INSERT INTO classes(id,school_id,category_id,name,template,sort) VALUES('cl-creche','sch-1','cat-pre','Creche','A',1);
INSERT INTO subjects(id,school_id,class_id,name,sort) VALUES('cl-creche-s0','sch-1','cl-creche','Literacy',0);
INSERT INTO subjects(id,school_id,class_id,name,sort) VALUES('cl-creche-s1','sch-1','cl-creche','Numeracy',1);
INSERT INTO subjects(id,school_id,class_id,name,sort) VALUES('cl-creche-s2','sch-1','cl-creche','Creativity',2);
INSERT INTO subjects(id,school_id,class_id,name,sort) VALUES('cl-creche-s3','sch-1','cl-creche','Picture Reading',3);
INSERT INTO classes(id,school_id,category_id,name,template,sort) VALUES('cl-nur1','sch-1','cat-pre','Nursery 1','B',2);
INSERT INTO subjects(id,school_id,class_id,name,sort) VALUES('cl-nur1-s0','sch-1','cl-nur1','Language & Literacy',0);
INSERT INTO subjects(id,school_id,class_id,name,sort) VALUES('cl-nur1-s1','sch-1','cl-nur1','Writing',1);
INSERT INTO subjects(id,school_id,class_id,name,sort) VALUES('cl-nur1-s2','sch-1','cl-nur1','Numeracy',2);
INSERT INTO subjects(id,school_id,class_id,name,sort) VALUES('cl-nur1-s3','sch-1','cl-nur1','Creative Arts',3);
INSERT INTO subjects(id,school_id,class_id,name,sort) VALUES('cl-nur1-s4','sch-1','cl-nur1','Our World Our People',4);
INSERT INTO classes(id,school_id,category_id,name,template,sort) VALUES('cl-nur2','sch-1','cat-pre','Nursery 2','B',3);
INSERT INTO subjects(id,school_id,class_id,name,sort) VALUES('cl-nur2-s0','sch-1','cl-nur2','Language & Literacy',0);
INSERT INTO subjects(id,school_id,class_id,name,sort) VALUES('cl-nur2-s1','sch-1','cl-nur2','Writing',1);
INSERT INTO subjects(id,school_id,class_id,name,sort) VALUES('cl-nur2-s2','sch-1','cl-nur2','Numeracy',2);
INSERT INTO subjects(id,school_id,class_id,name,sort) VALUES('cl-nur2-s3','sch-1','cl-nur2','Creative Arts',3);
INSERT INTO subjects(id,school_id,class_id,name,sort) VALUES('cl-nur2-s4','sch-1','cl-nur2','Our World Our People',4);
INSERT INTO classes(id,school_id,category_id,name,template,sort) VALUES('cl-kg1','sch-1','cat-pre','KG 1','B',4);
INSERT INTO subjects(id,school_id,class_id,name,sort) VALUES('cl-kg1-s0','sch-1','cl-kg1','Language & Literacy',0);
INSERT INTO subjects(id,school_id,class_id,name,sort) VALUES('cl-kg1-s1','sch-1','cl-kg1','Writing',1);
INSERT INTO subjects(id,school_id,class_id,name,sort) VALUES('cl-kg1-s2','sch-1','cl-kg1','Numeracy',2);
INSERT INTO subjects(id,school_id,class_id,name,sort) VALUES('cl-kg1-s3','sch-1','cl-kg1','Creative Arts',3);
INSERT INTO subjects(id,school_id,class_id,name,sort) VALUES('cl-kg1-s4','sch-1','cl-kg1','Our World Our People',4);
INSERT INTO classes(id,school_id,category_id,name,template,sort) VALUES('cl-kg2','sch-1','cat-pre','KG 2','B',5);
INSERT INTO subjects(id,school_id,class_id,name,sort) VALUES('cl-kg2-s0','sch-1','cl-kg2','Language & Literacy',0);
INSERT INTO subjects(id,school_id,class_id,name,sort) VALUES('cl-kg2-s1','sch-1','cl-kg2','Writing',1);
INSERT INTO subjects(id,school_id,class_id,name,sort) VALUES('cl-kg2-s2','sch-1','cl-kg2','Numeracy',2);
INSERT INTO subjects(id,school_id,class_id,name,sort) VALUES('cl-kg2-s3','sch-1','cl-kg2','Creative Arts',3);
INSERT INTO subjects(id,school_id,class_id,name,sort) VALUES('cl-kg2-s4','sch-1','cl-kg2','Our World Our People',4);
INSERT INTO classes(id,school_id,category_id,name,template,sort) VALUES('cl-b1','sch-1','cat-lower','Basic 1','B',6);
INSERT INTO subjects(id,school_id,class_id,name,sort) VALUES('cl-b1-s0','sch-1','cl-b1','English Language',0);
INSERT INTO subjects(id,school_id,class_id,name,sort) VALUES('cl-b1-s1','sch-1','cl-b1','Mathematics',1);
INSERT INTO subjects(id,school_id,class_id,name,sort) VALUES('cl-b1-s2','sch-1','cl-b1','Science',2);
INSERT INTO subjects(id,school_id,class_id,name,sort) VALUES('cl-b1-s3','sch-1','cl-b1','Creative Arts',3);
INSERT INTO subjects(id,school_id,class_id,name,sort) VALUES('cl-b1-s4','sch-1','cl-b1','History',4);
INSERT INTO subjects(id,school_id,class_id,name,sort) VALUES('cl-b1-s5','sch-1','cl-b1','Our World Our People',5);
INSERT INTO subjects(id,school_id,class_id,name,sort) VALUES('cl-b1-s6','sch-1','cl-b1','RME',6);
INSERT INTO subjects(id,school_id,class_id,name,sort) VALUES('cl-b1-s7','sch-1','cl-b1','Fantse',7);
INSERT INTO classes(id,school_id,category_id,name,template,sort) VALUES('cl-b2','sch-1','cat-lower','Basic 2','B',7);
INSERT INTO subjects(id,school_id,class_id,name,sort) VALUES('cl-b2-s0','sch-1','cl-b2','English Language',0);
INSERT INTO subjects(id,school_id,class_id,name,sort) VALUES('cl-b2-s1','sch-1','cl-b2','Mathematics',1);
INSERT INTO subjects(id,school_id,class_id,name,sort) VALUES('cl-b2-s2','sch-1','cl-b2','Science',2);
INSERT INTO subjects(id,school_id,class_id,name,sort) VALUES('cl-b2-s3','sch-1','cl-b2','Creative Arts',3);
INSERT INTO subjects(id,school_id,class_id,name,sort) VALUES('cl-b2-s4','sch-1','cl-b2','History',4);
INSERT INTO subjects(id,school_id,class_id,name,sort) VALUES('cl-b2-s5','sch-1','cl-b2','Our World Our People',5);
INSERT INTO subjects(id,school_id,class_id,name,sort) VALUES('cl-b2-s6','sch-1','cl-b2','RME',6);
INSERT INTO subjects(id,school_id,class_id,name,sort) VALUES('cl-b2-s7','sch-1','cl-b2','Fantse',7);
INSERT INTO classes(id,school_id,category_id,name,template,sort) VALUES('cl-b3','sch-1','cat-lower','Basic 3','B',8);
INSERT INTO subjects(id,school_id,class_id,name,sort) VALUES('cl-b3-s0','sch-1','cl-b3','English Language',0);
INSERT INTO subjects(id,school_id,class_id,name,sort) VALUES('cl-b3-s1','sch-1','cl-b3','Mathematics',1);
INSERT INTO subjects(id,school_id,class_id,name,sort) VALUES('cl-b3-s2','sch-1','cl-b3','Science',2);
INSERT INTO subjects(id,school_id,class_id,name,sort) VALUES('cl-b3-s3','sch-1','cl-b3','Creative Arts',3);
INSERT INTO subjects(id,school_id,class_id,name,sort) VALUES('cl-b3-s4','sch-1','cl-b3','History',4);
INSERT INTO subjects(id,school_id,class_id,name,sort) VALUES('cl-b3-s5','sch-1','cl-b3','Our World Our People',5);
INSERT INTO subjects(id,school_id,class_id,name,sort) VALUES('cl-b3-s6','sch-1','cl-b3','RME',6);
INSERT INTO subjects(id,school_id,class_id,name,sort) VALUES('cl-b3-s7','sch-1','cl-b3','Fantse',7);
INSERT INTO classes(id,school_id,category_id,name,template,sort) VALUES('cl-b4','sch-1','cat-upper','Basic 4','B',9);
INSERT INTO subjects(id,school_id,class_id,name,sort) VALUES('cl-b4-s0','sch-1','cl-b4','English Language',0);
INSERT INTO subjects(id,school_id,class_id,name,sort) VALUES('cl-b4-s1','sch-1','cl-b4','Mathematics',1);
INSERT INTO subjects(id,school_id,class_id,name,sort) VALUES('cl-b4-s2','sch-1','cl-b4','Science',2);
INSERT INTO subjects(id,school_id,class_id,name,sort) VALUES('cl-b4-s3','sch-1','cl-b4','History',3);
INSERT INTO subjects(id,school_id,class_id,name,sort) VALUES('cl-b4-s4','sch-1','cl-b4','Creative Arts',4);
INSERT INTO subjects(id,school_id,class_id,name,sort) VALUES('cl-b4-s5','sch-1','cl-b4','Our World Our People',5);
INSERT INTO subjects(id,school_id,class_id,name,sort) VALUES('cl-b4-s6','sch-1','cl-b4','RME',6);
INSERT INTO subjects(id,school_id,class_id,name,sort) VALUES('cl-b4-s7','sch-1','cl-b4','Computing',7);
INSERT INTO subjects(id,school_id,class_id,name,sort) VALUES('cl-b4-s8','sch-1','cl-b4','Fantse',8);
INSERT INTO classes(id,school_id,category_id,name,template,sort) VALUES('cl-b5','sch-1','cat-upper','Basic 5','B',10);
INSERT INTO subjects(id,school_id,class_id,name,sort) VALUES('cl-b5-s0','sch-1','cl-b5','English Language',0);
INSERT INTO subjects(id,school_id,class_id,name,sort) VALUES('cl-b5-s1','sch-1','cl-b5','Mathematics',1);
INSERT INTO subjects(id,school_id,class_id,name,sort) VALUES('cl-b5-s2','sch-1','cl-b5','Science',2);
INSERT INTO subjects(id,school_id,class_id,name,sort) VALUES('cl-b5-s3','sch-1','cl-b5','History',3);
INSERT INTO subjects(id,school_id,class_id,name,sort) VALUES('cl-b5-s4','sch-1','cl-b5','Creative Arts',4);
INSERT INTO subjects(id,school_id,class_id,name,sort) VALUES('cl-b5-s5','sch-1','cl-b5','Our World Our People',5);
INSERT INTO subjects(id,school_id,class_id,name,sort) VALUES('cl-b5-s6','sch-1','cl-b5','RME',6);
INSERT INTO subjects(id,school_id,class_id,name,sort) VALUES('cl-b5-s7','sch-1','cl-b5','Computing',7);
INSERT INTO subjects(id,school_id,class_id,name,sort) VALUES('cl-b5-s8','sch-1','cl-b5','Fantse',8);
INSERT INTO classes(id,school_id,category_id,name,template,sort) VALUES('cl-b6','sch-1','cat-upper','Basic 6','B',11);
INSERT INTO subjects(id,school_id,class_id,name,sort) VALUES('cl-b6-s0','sch-1','cl-b6','English Language',0);
INSERT INTO subjects(id,school_id,class_id,name,sort) VALUES('cl-b6-s1','sch-1','cl-b6','Mathematics',1);
INSERT INTO subjects(id,school_id,class_id,name,sort) VALUES('cl-b6-s2','sch-1','cl-b6','Science',2);
INSERT INTO subjects(id,school_id,class_id,name,sort) VALUES('cl-b6-s3','sch-1','cl-b6','History',3);
INSERT INTO subjects(id,school_id,class_id,name,sort) VALUES('cl-b6-s4','sch-1','cl-b6','Creative Arts',4);
INSERT INTO subjects(id,school_id,class_id,name,sort) VALUES('cl-b6-s5','sch-1','cl-b6','Our World Our People',5);
INSERT INTO subjects(id,school_id,class_id,name,sort) VALUES('cl-b6-s6','sch-1','cl-b6','RME',6);
INSERT INTO subjects(id,school_id,class_id,name,sort) VALUES('cl-b6-s7','sch-1','cl-b6','Computing',7);
INSERT INTO subjects(id,school_id,class_id,name,sort) VALUES('cl-b6-s8','sch-1','cl-b6','Fantse',8);
INSERT INTO classes(id,school_id,category_id,name,template,sort) VALUES('cl-b7','sch-1','cat-jhs','Basic 7','B',12);
INSERT INTO subjects(id,school_id,class_id,name,sort) VALUES('cl-b7-s0','sch-1','cl-b7','English Language',0);
INSERT INTO subjects(id,school_id,class_id,name,sort) VALUES('cl-b7-s1','sch-1','cl-b7','Mathematics',1);
INSERT INTO subjects(id,school_id,class_id,name,sort) VALUES('cl-b7-s2','sch-1','cl-b7','Science',2);
INSERT INTO subjects(id,school_id,class_id,name,sort) VALUES('cl-b7-s3','sch-1','cl-b7','Career Technology',3);
INSERT INTO subjects(id,school_id,class_id,name,sort) VALUES('cl-b7-s4','sch-1','cl-b7','Creative Art & Design',4);
INSERT INTO subjects(id,school_id,class_id,name,sort) VALUES('cl-b7-s5','sch-1','cl-b7','Our World Our People',5);
INSERT INTO subjects(id,school_id,class_id,name,sort) VALUES('cl-b7-s6','sch-1','cl-b7','RME',6);
INSERT INTO subjects(id,school_id,class_id,name,sort) VALUES('cl-b7-s7','sch-1','cl-b7','Computing',7);
INSERT INTO subjects(id,school_id,class_id,name,sort) VALUES('cl-b7-s8','sch-1','cl-b7','Fantse',8);
INSERT INTO classes(id,school_id,category_id,name,template,sort) VALUES('cl-b8','sch-1','cat-jhs','Basic 8','B',13);
INSERT INTO subjects(id,school_id,class_id,name,sort) VALUES('cl-b8-s0','sch-1','cl-b8','English Language',0);
INSERT INTO subjects(id,school_id,class_id,name,sort) VALUES('cl-b8-s1','sch-1','cl-b8','Mathematics',1);
INSERT INTO subjects(id,school_id,class_id,name,sort) VALUES('cl-b8-s2','sch-1','cl-b8','Science',2);
INSERT INTO subjects(id,school_id,class_id,name,sort) VALUES('cl-b8-s3','sch-1','cl-b8','Career Technology',3);
INSERT INTO subjects(id,school_id,class_id,name,sort) VALUES('cl-b8-s4','sch-1','cl-b8','Creative Art & Design',4);
INSERT INTO subjects(id,school_id,class_id,name,sort) VALUES('cl-b8-s5','sch-1','cl-b8','Our World Our People',5);
INSERT INTO subjects(id,school_id,class_id,name,sort) VALUES('cl-b8-s6','sch-1','cl-b8','RME',6);
INSERT INTO subjects(id,school_id,class_id,name,sort) VALUES('cl-b8-s7','sch-1','cl-b8','Computing',7);
INSERT INTO subjects(id,school_id,class_id,name,sort) VALUES('cl-b8-s8','sch-1','cl-b8','Fantse',8);
INSERT INTO classes(id,school_id,category_id,name,template,sort) VALUES('cl-b9','sch-1','cat-jhs','Basic 9','B',14);
INSERT INTO subjects(id,school_id,class_id,name,sort) VALUES('cl-b9-s0','sch-1','cl-b9','English Language',0);
INSERT INTO subjects(id,school_id,class_id,name,sort) VALUES('cl-b9-s1','sch-1','cl-b9','Mathematics',1);
INSERT INTO subjects(id,school_id,class_id,name,sort) VALUES('cl-b9-s2','sch-1','cl-b9','Science',2);
INSERT INTO subjects(id,school_id,class_id,name,sort) VALUES('cl-b9-s3','sch-1','cl-b9','Career Technology',3);
INSERT INTO subjects(id,school_id,class_id,name,sort) VALUES('cl-b9-s4','sch-1','cl-b9','Creative Art & Design',4);
INSERT INTO subjects(id,school_id,class_id,name,sort) VALUES('cl-b9-s5','sch-1','cl-b9','Our World Our People',5);
INSERT INTO subjects(id,school_id,class_id,name,sort) VALUES('cl-b9-s6','sch-1','cl-b9','RME',6);
INSERT INTO subjects(id,school_id,class_id,name,sort) VALUES('cl-b9-s7','sch-1','cl-b9','Computing',7);
INSERT INTO subjects(id,school_id,class_id,name,sort) VALUES('cl-b9-s8','sch-1','cl-b9','Fantse',8);
INSERT INTO grade_bands(id,school_id,grade,min_pct,max_pct,remark) VALUES('g1','sch-1','A1',90,100,'EXCELLENT');
INSERT INTO grade_bands(id,school_id,grade,min_pct,max_pct,remark) VALUES('g2','sch-1','B2',80,89,'VERY GOOD');
INSERT INTO grade_bands(id,school_id,grade,min_pct,max_pct,remark) VALUES('g3','sch-1','B3',75,79,'GOOD');
INSERT INTO grade_bands(id,school_id,grade,min_pct,max_pct,remark) VALUES('g4','sch-1','C4',70,74,'FAIRLY GOOD');
INSERT INTO grade_bands(id,school_id,grade,min_pct,max_pct,remark) VALUES('g5','sch-1','C5',65,69,'AVERAGE');
INSERT INTO grade_bands(id,school_id,grade,min_pct,max_pct,remark) VALUES('g6','sch-1','D6',60,64,'BELOW AVERAGE');
INSERT INTO grade_bands(id,school_id,grade,min_pct,max_pct,remark) VALUES('g7','sch-1','D7',55,59,'CREDIT');
INSERT INTO grade_bands(id,school_id,grade,min_pct,max_pct,remark) VALUES('g8','sch-1','E8',50,54,'PASS');
INSERT INTO grade_bands(id,school_id,grade,min_pct,max_pct,remark) VALUES('g9','sch-1','E9',0,49,'BEGINNING');
INSERT INTO fee_types(id,school_id,name,amount,applies_to,frequency,required) VALUES('fe-tui','sch-1','Tuition',600,'all','per_term',1);
INSERT INTO fee_types(id,school_id,name,amount,applies_to,frequency,required) VALUES('fe-pta','sch-1','PTA Dues',30,'all','per_term',1);
INSERT INTO fee_types(id,school_id,name,amount,applies_to,frequency,required) VALUES('fe-exam','sch-1','Examination Fee',50,'all','per_term',1);
INSERT INTO fee_types(id,school_id,name,amount,applies_to,frequency,required) VALUES('fe-ict','sch-1','ICT Fee',40,'all','per_term',0);
INSERT INTO fee_types(id,school_id,name,amount,applies_to,frequency,required) VALUES('fe-feed','sch-1','Feeding',300,'all','per_term',0);
INSERT INTO inventory_categories(id,school_id,name) VALUES('inc-0','sch-1','Stationery');
INSERT INTO inventory_categories(id,school_id,name) VALUES('inc-1','sch-1','Textbooks');
INSERT INTO inventory_categories(id,school_id,name) VALUES('inc-2','sch-1','ICT Equipment');
INSERT INTO inventory_categories(id,school_id,name) VALUES('inc-3','sch-1','Furniture');
INSERT INTO inventory_categories(id,school_id,name) VALUES('inc-4','sch-1','Cleaning Supplies');
INSERT INTO inventory_categories(id,school_id,name) VALUES('inc-5','sch-1','Sports Equipment');
INSERT INTO inventory_categories(id,school_id,name) VALUES('inc-6','sch-1','First Aid');
INSERT INTO message_templates(id,school_id,name,body) VALUES('mt-fee','sch-1','Fee Reminder','Dear {parent}, this is a reminder that {student} has an outstanding balance of {currency}{balance} for {term}. Thank you. - {school}');
INSERT INTO message_templates(id,school_id,name,body) VALUES('mt-report','sch-1','Report Ready','Dear {parent}, the {term} report for {student} is ready. Please visit the school. - {school}');
INSERT INTO message_templates(id,school_id,name,body) VALUES('mt-announce','sch-1','General Announcement','Dear {parent}, {message} - {school}');
INSERT INTO permissions(id,school_id,role,perms) VALUES('perm-Admin','sch-1','Admin','{"Dashboard":true,"Students":true,"Assessment":true,"Finance":true,"Attendance":true,"Communication":true,"Administration":true,"Inventory":true,"Settings":true}');
INSERT INTO permissions(id,school_id,role,perms) VALUES('perm-Director','sch-1','Director','{"Dashboard":true,"Students":true,"Assessment":true,"Finance":true,"Attendance":true,"Communication":true,"Administration":true,"Inventory":true,"Settings":false}');
INSERT INTO permissions(id,school_id,role,perms) VALUES('perm-Teacher','sch-1','Teacher','{"Dashboard":true,"Students":true,"Assessment":true,"Finance":false,"Attendance":true,"Communication":false,"Administration":false,"Inventory":false,"Settings":false}');
INSERT INTO permissions(id,school_id,role,perms) VALUES('perm-Other staff','sch-1','Other staff','{"Dashboard":true,"Students":true,"Assessment":false,"Finance":false,"Attendance":true,"Communication":true,"Administration":false,"Inventory":true,"Settings":false}');
INSERT INTO permissions(id,school_id,role,perms) VALUES('perm-Parent','sch-1','Parent','{"Dashboard":true,"Students":true,"Assessment":true,"Finance":true,"Attendance":true,"Communication":true,"Administration":false,"Inventory":false,"Settings":false}');
INSERT INTO staff(id,school_id,staff_id,name,role,phone) VALUES('st-1','sch-1','SF0001','School Administrator','Admin','+233 00 000 0001');
INSERT INTO staff(id,school_id,staff_id,name,role,phone) VALUES('st-2','sch-1','SF0002','The Director','Director','+233 00 000 0002');
INSERT INTO staff(id,school_id,staff_id,name,role,phone) VALUES('st-3','sch-1','SF0003','Class Teacher','Teacher','+233 00 000 0003');
INSERT INTO staff(id,school_id,staff_id,name,role,phone) VALUES('st-4','sch-1','SF0004','Front Desk','Other staff','+233 00 000 0004');
INSERT INTO settings(id,school_id,skey,data) VALUES('set-idrules','sch-1','idRules','{"id":"idr-1","school_id":"sch-1","student_prefix":"ST","staff_prefix":"SF","digits":4,"auto_generate":true,"allow_manual":false}'),('set-weight','sch-1','weighting','{"id":"w-1","school_id":"sch-1","class_pct":50,"exam_pct":50}'),('set-labels','sch-1','labels','{"id":"lab-1","school_id":"sch-1","fees_arrears":"School Fees Arrears","fees_next":"Next Term''s School Fees","fees_payable":"Total Payable","roll":"Number on Roll","attendance":"Attendance","out_of":"Out of"}');
